,Position,Name + ID,Name,ID,Roster Position,Salary,Game Info,TeamAbbrev,AvgPointsPerGame,Unnamed: 0,DFS Total
0,WR,CeeDee Lamb (32236583),CeeDee Lamb,32236583,WR/FLEX,9000,GB@DAL 01/14/2024 04:30PM ET,DAL,25.25,46.0,27.411363636363635
1,QB,Josh Allen (32236489),Josh Allen,32236489,QB,8000,PIT@BUF 01/15/2024 04:30PM ET,BUF,25.27,8.0,21.842987012987013
2,WR,Amon-Ra St. Brown (32236585),Amon-Ra St. Brown,32236585,WR/FLEX,8000,LAR@DET 01/14/2024 08:15PM ET,DET,22.43,58.0,21.556818181818183
3,QB,Dak Prescott (32236490),Dak Prescott,32236490,QB,7600,GB@DAL 01/14/2024 04:30PM ET,DAL,21.7,0.0,24.83818181818182
4,WR,Cooper Kupp (32236587),Cooper Kupp,32236587,WR/FLEX,7500,LAR@DET 01/14/2024 08:15PM ET,LAR,14.7,61.0,19.439545454545456
5,WR,Stefon Diggs (32236589),Stefon Diggs,32236589,WR/FLEX,7400,PIT@BUF 01/15/2024 04:30PM ET,BUF,17.05,34.0,16.53233137829912
6,RB,Kyren Williams (32236511),Kyren Williams,32236511,RB/FLEX,7300,LAR@DET 01/14/2024 08:15PM ET,LAR,22.92,14.0,20.942272727272726
7,WR,Puka Nacua (32236591),Puka Nacua,32236591,WR/FLEX,7200,LAR@DET 01/14/2024 08:15PM ET,LAR,18.79,64.0,19.478896103896105
8,RB,James Cook (32236513),James Cook,32236513,RB/FLEX,6600,PIT@BUF 01/15/2024 04:30PM ET,BUF,14.34,17.0,14.440909090909091
9,QB,Matthew Stafford (32236491),Matthew Stafford,32236491,QB,6500,LAR@DET 01/14/2024 08:15PM ET,LAR,17.94,1.0,18.321411255411256
10,RB,Jahmyr Gibbs (32236515),Jahmyr Gibbs,32236515,RB/FLEX,6500,LAR@DET 01/14/2024 08:15PM ET,DET,16.61,22.0,16.056228956228956
11,QB,Jordan Love (32236492),Jordan Love,32236492,QB,6300,GB@DAL 01/14/2024 04:30PM ET,GB,19.94,4.0,18.412727272727277
12,RB,Aaron Jones (32236517),Aaron Jones,32236517,RB/FLEX,6300,GB@DAL 01/14/2024 04:30PM ET,GB,13.17,12.0,17.9222027972028
13,QB,Jared Goff (32236493),Jared Goff,32236493,QB,6200,LAR@DET 01/14/2024 08:15PM ET,DET,18.89,3.0,17.28990986790987
14,RB,David Montgomery (32236519),David Montgomery,32236519,RB/FLEX,6200,LAR@DET 01/14/2024 08:15PM ET,DET,15.51,21.0,14.34
15,RB,Tony Pollard (32236521),Tony Pollard,32236521,RB/FLEX,6100,GB@DAL 01/14/2024 04:30PM ET,DAL,13.33,19.0,19.08636363636364
16,TE,Sam LaPorta (32236689),Sam LaPorta,32236689,TE/FLEX,6000,LAR@DET 01/14/2024 08:15PM ET,DET,14.25,69.0,13.322593582887702
17,WR,Jayden Reed (32236593),Jayden Reed,32236593,WR/FLEX,5700,GB@DAL 01/14/2024 04:30PM ET,GB,13.76,68.0,11.847377622377625
18,RB,Najee Harris (32236523),Najee Harris,32236523,RB/FLEX,5400,PIT@BUF 01/15/2024 04:30PM ET,PIT,11.91,20.0,11.344935064935068
19,WR,Romeo Doubs (32236595),Romeo Doubs,32236595,WR/FLEX,5400,GB@DAL 01/14/2024 04:30PM ET,GB,10.26,75.0,8.01818181818182
20,QB,Mason Rudolph (32236494),Mason Rudolph,32236494,QB,5300,PIT@BUF 01/15/2024 04:30PM ET,PIT,10.14,11.0,8.740454545454545
21,WR,Gabe Davis (32236597),Gabe Davis,32236597,WR/FLEX,5300,PIT@BUF 01/15/2024 04:30PM ET,BUF,10.08,100.0,2.0689655172413794
22,WR,George Pickens (32236599),George Pickens,32236599,WR/FLEX,5200,PIT@BUF 01/15/2024 04:30PM ET,PIT,13.16,35.0,8.694529101389566
23,RB,Jaylen Warren (32236525),Jaylen Warren,32236525,RB/FLEX,5100,PIT@BUF 01/15/2024 04:30PM ET,PIT,12.02,26.0,10.580194805194804
24,WR,Diontae Johnson (32236601),Diontae Johnson,32236601,WR/FLEX,5000,PIT@BUF 01/15/2024 04:30PM ET,PIT,11.75,39.0,8.440909090909091
25,WR,Brandin Cooks (32236603),Brandin Cooks,32236603,WR/FLEX,4900,GB@DAL 01/14/2024 04:30PM ET,DAL,11.01,72.0,9.381276297335203
28,WR,Dontayvion Wicks (32236605),Dontayvion Wicks,32236605,WR/FLEX,4800,GB@DAL 01/14/2024 04:30PM ET,GB,8.05,74.0,8.23775659824047
29,TE,Jake Ferguson (32236691),Jake Ferguson,32236691,TE/FLEX,4700,GB@DAL 01/14/2024 04:30PM ET,DAL,10.42,70.0,11.495095693779906
31,TE,Dalton Kincaid (32236693),Dalton Kincaid,32236693,TE/FLEX,4600,PIT@BUF 01/15/2024 04:30PM ET,BUF,9.46,43.0,8.923376623376623
33,RB,Rico Dowdle (32236527),Rico Dowdle,32236527,RB/FLEX,4600,GB@DAL 01/14/2024 04:30PM ET,DAL,5.72,28.0,5.257142857142858
35,WR,Christian Watson (32236607),Christian Watson,32236607,WR/FLEX,4500,GB@DAL 01/14/2024 04:30PM ET,GB,11.26,77.0,6.613189522342065
37,RB,Ronnie Rivers (32236529),Ronnie Rivers,32236529,RB/FLEX,4500,LAR@DET 01/14/2024 08:15PM ET,LAR,2.23,125.0,0.7058823529411764
39,RB,Leonard Fournette (32236533),Leonard Fournette,32236533,RB/FLEX,4400,PIT@BUF 01/15/2024 04:30PM ET,BUF,2.0,110.0,1.0
40,RB,AJ Dillon (32236531),AJ Dillon,32236531,RB/FLEX,4400,GB@DAL 01/14/2024 04:30PM ET,GB,7.84,134.0,1.3333333333333333
41,RB,Latavius Murray (32236535),Latavius Murray,32236535,RB/FLEX,4300,PIT@BUF 01/15/2024 04:30PM ET,BUF,5.18,143.0,0.4
42,RB,Emanuel Wilson (32236537),Emanuel Wilson,32236537,RB/FLEX,4300,GB@DAL 01/14/2024 04:30PM ET,GB,2.11,131.0,0.24
43,RB,Ty Johnson (32236539),Ty Johnson,32236539,RB/FLEX,4200,PIT@BUF 01/15/2024 04:30PM ET,BUF,3.24,126.0,0.75
46,RB,Godwin Igwebuike (32236567),Godwin Igwebuike,32236567,RB/FLEX,4000,PIT@BUF 01/15/2024 04:30PM ET,PIT,0.0,178.0,0.2142857142857142
52,RB,Reggie Gilliam (32236579),Reggie Gilliam,32236579,RB/FLEX,4000,PIT@BUF 01/15/2024 04:30PM ET,BUF,0.08,165.0,0.24
60,RB,Hunter Luepke (32236563),Hunter Luepke,32236563,RB/FLEX,4000,GB@DAL 01/14/2024 04:30PM ET,DAL,0.75,149.0,0.4285714285714285
62,RB,Patrick Taylor (32236581),Patrick Taylor,32236581,RB/FLEX,4000,GB@DAL 01/14/2024 04:30PM ET,GB,2.73,31.0,1.4
68,RB,Royce Freeman (32236543),Royce Freeman,32236543,RB/FLEX,4000,LAR@DET 01/14/2024 08:15PM ET,LAR,3.3,133.0,0.631578947368421
69,RB,Zach Evans (32236545),Zach Evans,32236545,RB/FLEX,4000,LAR@DET 01/14/2024 08:15PM ET,LAR,0.19,132.0,0.2
70,RB,Craig Reynolds (32236547),Craig Reynolds,32236547,RB/FLEX,4000,LAR@DET 01/14/2024 08:15PM ET,DET,1.86,145.0,0.4285714285714285
73,RB,Jason Cabinda (32236553),Jason Cabinda,32236553,RB/FLEX,4000,LAR@DET 01/14/2024 08:15PM ET,DET,0.0,167.0,0.25
74,WR,Josh Reynolds (32236609),Josh Reynolds,32236609,WR/FLEX,3800,LAR@DET 01/14/2024 08:15PM ET,DET,7.64,76.0,6.306618819776714
75,TE,Pat Freiermuth (32236695),Pat Freiermuth,32236695,TE/FLEX,3600,PIT@BUF 01/15/2024 04:30PM ET,PIT,6.65,84.0,4.705172413793103
76,DST,Cowboys  (32236751),Cowboys ,32236751,DST,3600,GB@DAL 01/14/2024 04:30PM ET,DAL,10.47,,8.483870967741936
77,WR,Demarcus Robinson (32236611),Demarcus Robinson,32236611,WR/FLEX,3600,LAR@DET 01/14/2024 08:15PM ET,LAR,5.52,71.0,9.62651515151515
78,DST,Bills  (32236752),Bills ,32236752,DST,3500,PIT@BUF 01/15/2024 04:30PM ET,BUF,9.35,,3.434544166127491
79,WR,Jameson Williams (32236613),Jameson Williams,32236613,WR/FLEX,3500,LAR@DET 01/14/2024 08:15PM ET,DET,6.69,73.0,8.45
80,WR,Khalil Shakir (32236615),Khalil Shakir,32236615,WR/FLEX,3400,PIT@BUF 01/15/2024 04:30PM ET,BUF,7.01,44.0,8.046103896103896
81,TE,Tyler Higbee (32236697),Tyler Higbee,32236697,TE/FLEX,3400,LAR@DET 01/14/2024 08:15PM ET,LAR,7.23,78.0,7.380952380952381
82,WR,Trent Sherfield (32236619),Trent Sherfield,32236619,WR/FLEX,3300,PIT@BUF 01/15/2024 04:30PM ET,BUF,1.51,89.0,1.921212121212121
83,WR,Bo Melton (32236617),Bo Melton,32236617,WR/FLEX,3300,GB@DAL 01/14/2024 04:30PM ET,GB,9.78,120.0,0.8
84,TE,Tucker Kraft (32236699),Tucker Kraft,32236699,TE/FLEX,3300,GB@DAL 01/14/2024 04:30PM ET,GB,4.62,79.0,6.913530655391121
85,TE,Luke Musgrave (32236701),Luke Musgrave,32236701,TE/FLEX,3200,GB@DAL 01/14/2024 04:30PM ET,GB,6.84,86.0,4.331818181818182
86,WR,Tutu Atwell (32236621),Tutu Atwell,32236621,WR/FLEX,3200,LAR@DET 01/14/2024 08:15PM ET,LAR,7.21,139.0,0.6000000000000001
87,WR,Kalif Raymond (32236623),Kalif Raymond,32236623,WR/FLEX,3200,LAR@DET 01/14/2024 08:15PM ET,DET,5.73,158.0,1.3333333333333333
88,WR,Michael Gallup (32236625),Michael Gallup,32236625,WR/FLEX,3100,GB@DAL 01/14/2024 04:30PM ET,DAL,5.16,92.0,2.1409090909090907
89,DST,Lions  (32236753),Lions ,32236753,DST,3100,LAR@DET 01/14/2024 08:15PM ET,DET,6.41,,4.413932279631512
92,WR,Miles Boykin (32236671),Miles Boykin,32236671,WR/FLEX,3000,PIT@BUF 01/15/2024 04:30PM ET,PIT,0.28,184.0,0.1428571428571428
96,WR,Deonte Harty (32236679),Deonte Harty,32236679,WR/FLEX,3000,PIT@BUF 01/15/2024 04:30PM ET,BUF,2.56,146.0,0.4285714285714285
101,WR,Malik Heath (32236629),Malik Heath,32236629,WR/FLEX,3000,GB@DAL 01/14/2024 04:30PM ET,GB,2.58,122.0,0.7058823529411764
105,WR,Jalen Tolbert (32236653),Jalen Tolbert,32236653,WR/FLEX,3000,GB@DAL 01/14/2024 04:30PM ET,DAL,3.52,90.0,3.2182539682539684
107,WR,KaVontae Turpin (32236657),KaVontae Turpin,32236657,WR/FLEX,3000,GB@DAL 01/14/2024 04:30PM ET,DAL,3.73,130.0,0.7058823529411764
108,WR,Jalen Brooks (32236659),Jalen Brooks,32236659,WR/FLEX,3000,GB@DAL 01/14/2024 04:30PM ET,DAL,1.77,147.0,0.4615384615384615
112,WR,Tyler Johnson (32236627),Tyler Johnson,32236627,WR/FLEX,3000,LAR@DET 01/14/2024 08:15PM ET,LAR,8.8,154.0,0.24
113,WR,Ben Skowronek (32236631),Ben Skowronek,32236631,WR/FLEX,3000,LAR@DET 01/14/2024 08:15PM ET,LAR,1.26,150.0,0.4
114,WR,Austin Trammell (32236633),Austin Trammell,32236633,WR/FLEX,3000,LAR@DET 01/14/2024 08:15PM ET,LAR,0.37,153.0,0.3333333333333333
116,WR,Donovan Peoples-Jones (32236637),Donovan Peoples-Jones,32236637,WR/FLEX,3000,LAR@DET 01/14/2024 08:15PM ET,DET,1.9,96.0,1.15
117,WR,Antoine Green (32236639),Antoine Green,32236639,WR/FLEX,3000,LAR@DET 01/14/2024 08:15PM ET,DET,0.13,135.0,0.5454545454545454
121,TE,Brock Wright (32236703),Brock Wright,32236703,TE/FLEX,3000,LAR@DET 01/14/2024 08:15PM ET,DET,2.01,114.0,1.0909090909090908
122,TE,Dawson Knox (32236705),Dawson Knox,32236705,TE/FLEX,2900,PIT@BUF 01/15/2024 04:30PM ET,BUF,4.55,88.0,3.967272727272727
123,TE,James Mitchell (32236707),James Mitchell,32236707,TE/FLEX,2800,LAR@DET 01/14/2024 08:15PM ET,DET,0.32,137.0,1.2000000000000002
124,TE,Davis Allen (32236709),Davis Allen,32236709,TE/FLEX,2700,LAR@DET 01/14/2024 08:15PM ET,LAR,1.7,115.0,0.5
125,DST,Rams  (32236754),Rams ,32236754,DST,2700,LAR@DET 01/14/2024 08:15PM ET,LAR,4.88,,6.470684289983671
126,DST,Steelers  (32236755),Steelers ,32236755,DST,2600,PIT@BUF 01/15/2024 04:30PM ET,PIT,8.41,,7.232430600486798
127,TE,Darnell Washington (32236739),Darnell Washington,32236739,TE/FLEX,2500,PIT@BUF 01/15/2024 04:30PM ET,PIT,0.77,161.0,0.3
128,TE,Connor Heyward (32236741),Connor Heyward,32236741,TE/FLEX,2500,PIT@BUF 01/15/2024 04:30PM ET,PIT,2.34,164.0,0.2727272727272727
130,TE,Quintin Morris (32236745),Quintin Morris,32236745,TE/FLEX,2500,PIT@BUF 01/15/2024 04:30PM ET,BUF,0.71,156.0,0.2142857142857142
133,TE,Ben Sims (32236723),Ben Sims,32236723,TE/FLEX,2500,GB@DAL 01/14/2024 04:30PM ET,GB,0.71,152.0,0.375
134,TE,Josiah Deguara (32236725),Josiah Deguara,32236725,TE/FLEX,2500,GB@DAL 01/14/2024 04:30PM ET,GB,0.97,181.0,0.2
137,TE,Peyton Hendershot (32236731),Peyton Hendershot,32236731,TE/FLEX,2500,GB@DAL 01/14/2024 04:30PM ET,DAL,0.98,140.0,0.5
138,TE,Luke Schoonmaker (32236733),Luke Schoonmaker,32236733,TE/FLEX,2500,GB@DAL 01/14/2024 04:30PM ET,DAL,1.56,141.0,0.6000000000000001
141,TE,Brycen Hopkins (32236711),Brycen Hopkins,32236711,TE/FLEX,2500,LAR@DET 01/14/2024 08:15PM ET,LAR,0.85,113.0,0.3
146,TE,Anthony Firkser (32236721),Anthony Firkser,32236721,TE/FLEX,2500,LAR@DET 01/14/2024 08:15PM ET,DET,0.0,121.0,0.5
147,DST,Packers  (32236756),Packers ,32236756,DST,2300,GB@DAL 01/14/2024 04:30PM ET,GB,6.76,,8.229750130942477
